USE `insurancecompany`;

INSERT INTO `Car` (`CarRegistrationNumber`, `Brand`, `Model`, `Fuel`, `Year`, `EngineSize`) VALUES
('ABC123', 'Toyota', 'Corolla', 'Petrol', 2018, 1600),
('DEF456', 'Honda', 'Civic', 'Petrol', 2019, 1800),
('GHI789', 'Ford', 'Focus', 'Diesel', 2020, 2000),
('JKL012', 'BMW', 'X5', 'Petrol', 2021, 3000),
('MNO345', 'Audi', 'A4', 'Diesel', 2017, 2000),
('PQR678', 'Mercedes', 'C-Class', 'Petrol', 2022, 2500),
('STU901', 'Volkswagen', 'Golf', 'Diesel', 2016, 1600),
('VWX234', 'Hyundai', 'Tucson', 'Petrol', 2020, 1800),
('YZA567', 'Kia', 'Sportage', 'Diesel', 2019, 2000),
('BCD890', 'Nissan', 'Qashqai', 'Petrol', 2021, 1600),
('EFG123', 'Toyota', 'RAV4', 'Petrol', 2018, 2000),
('HIJ456', 'Honda', 'CR-V', 'Diesel', 2019, 2200),
('KLM789', 'Ford', 'Mustang', 'Petrol', 2020, 5000),
('NOP012', 'BMW', '3 Series', 'Diesel', 2021, 2000),
('QRS345', 'Audi', 'Q7', 'Petrol', 2017, 3000),
('TUV678', 'Mercedes', 'E-Class', 'Diesel', 2022, 2200),
('VWX901', 'Volkswagen', 'Passat', 'Petrol', 2016, 1800),
('YZA234', 'Hyundai', 'i30', 'Diesel', 2020, 1600),
('BCD567', 'Kia', 'Ceed', 'Petrol', 2019, 1400),
('EFG890', 'Nissan', 'Juke', 'Diesel', 2021, 1500),
('HIJ123', 'Toyota', 'Yaris', 'Petrol', 2018, 1200),
('KLM456', 'Honda', 'Jazz', 'Petrol', 2019, 1300),
('NOP789', 'Ford', 'Fiesta', 'Diesel', 2020, 1400),
('QRS012', 'BMW', 'X3', 'Petrol', 2021, 2000),
('TUV345', 'Audi', 'A6', 'Diesel', 2017, 2200);

-- Insert sample data into InsuranceCompany
INSERT INTO `InsuranceCompany` (`Address`, `City`, `CEOPhoneNumber`) VALUES
('123 Main St', 'New York', '123-456-7890'),
('456 Elm St', 'Los Angeles', '234-567-8901'),
('789 Oak St', 'Chicago', '345-678-9012'),
('321 Pine St', 'Houston', '456-789-0123'),
('654 Maple St', 'Phoenix', '567-890-1234'),
('987 Birch St', 'Philadelphia', '678-901-2345'),
('135 Cedar St', 'San Antonio', '789-012-3456'),
('246 Walnut St', 'San Diego', '890-123-4567'),
('357 Cherry St', 'Dallas', '901-234-5678'),
('468 Willow St', 'San Jose', '012-345-6789'),
('579 Spruce St', 'Austin', '123-456-7890'),
('680 Poplar St', 'Jacksonville', '234-567-8901'),
('791 Fir St', 'Fort Worth', '345-678-9012'),
('802 Palm St', 'Columbus', '456-789-0123'),
('913 Ash St', 'Charlotte', '567-890-1234'),
('024 Beech St', 'San Francisco', '678-901-2345'),
('135 Redwood St', 'Indianapolis', '789-012-3456'),
('246 Sequoia St', 'Seattle', '890-123-4567'),
('357 Cypress St', 'Denver', '901-234-5678'),
('468 Hemlock St', 'Washington', '012-345-6789'),
('579 Juniper St', 'Boston', '123-456-7890'),
('680 Magnolia St', 'El Paso', '234-567-8901'),
('791 Dogwood St', 'Detroit', '345-678-9012'),
('802 Redbud St', 'Nashville', '456-789-0123'),
('913 Sycamore St', 'Portland', '567-890-1234');

-- Insert sample data into Office
INSERT INTO `Office` (`InsuranceCompanyId`, `Address`, `City`, `OfficePhoneNumber`) VALUES
(1, '123 Main St', 'New York', '111-222-3333'),
(2, '456 Elm St', 'Los Angeles', '222-333-4444'),
(3, '789 Oak St', 'Chicago', '333-444-5555'),
(4, '321 Pine St', 'Houston', '444-555-6666'),
(5, '654 Maple St', 'Phoenix', '555-666-7777'),
(6, '987 Birch St', 'Philadelphia', '666-777-8888'),
(7, '135 Cedar St', 'San Antonio', '777-888-9999'),
(8, '246 Walnut St', 'San Diego', '888-999-0000'),
(9, '357 Cherry St', 'Dallas', '999-000-1111'),
(10, '468 Willow St', 'San Jose', '000-111-2222'),
(11, '579 Spruce St', 'Austin', '111-222-3333'),
(12, '680 Poplar St', 'Jacksonville', '222-333-4444'),
(13, '791 Fir St', 'Fort Worth', '333-444-5555'),
(14, '802 Palm St', 'Columbus', '444-555-6666'),
(15, '913 Ash St', 'Charlotte', '555-666-7777'),
(16, '024 Beech St', 'San Francisco', '666-777-8888'),
(17, '135 Redwood St', 'Indianapolis', '777-888-9999'),
(18, '246 Sequoia St', 'Seattle', '888-999-0000'),
(19, '357 Cypress St', 'Denver', '999-000-1111'),
(20, '468 Hemlock St', 'Washington', '000-111-2222'),
(21, '579 Juniper St', 'Boston', '111-222-3333'),
(22, '680 Magnolia St', 'El Paso', '222-333-4444'),
(23, '791 Dogwood St', 'Detroit', '333-444-5555'),
(24, '802 Redbud St', 'Nashville', '444-555-6666'),
(25, '913 Sycamore St', 'Portland', '555-666-7777');

-- Insert sample data into InsuranceAgent
INSERT INTO `InsuranceAgent` (`OfficeId`, `Name`) VALUES
(1, 'John Doe'),
(2, 'Jane Smith'),
(3, 'Alice Johnson'),
(4, 'Bob Brown'),
(5, 'Charlie Davis'),
(6, 'Eve White'),
(7, 'Frank Wilson'),
(8, 'Grace Lee'),
(9, 'Henry Clark'),
(10, 'Ivy Walker'),
(11, 'Jack Hall'),
(12, 'Karen Young'),
(13, 'Liam King'),
(14, 'Mia Wright'),
(15, 'Noah Scott'),
(16, 'Olivia Green'),
(17, 'Pamela Baker'),
(18, 'Quinn Adams'),
(19, 'Ryan Nelson'),
(20, 'Sara Carter'),
(21, 'Tom Perez'),
(22, 'Uma Roberts'),
(23, 'Victor Turner'),
(24, 'Wendy Phillips'),
(25, 'Xander Evans');

-- Insert sample data into CarPolicy
INSERT INTO `CarPolicy` (`InsuranceType`, `MaximumCoverage`, `MaximumCoverageAmountPerVictim`) VALUES
('Crash', 10000.00, 5000.00),
('Theft', 15000.00, 7500.00),
('Fire', 20000.00, 10000.00),
('Crash', 12000.00, 6000.00),
('Theft', 18000.00, 9000.00),
('Fire', 22000.00, 11000.00),
('Crash', 11000.00, 5500.00),
('Theft', 16000.00, 8000.00),
('Fire', 21000.00, 10500.00),
('Crash', 13000.00, 6500.00),
('Theft', 17000.00, 8500.00),
('Fire', 23000.00, 11500.00),
('Crash', 14000.00, 7000.00),
('Theft', 19000.00, 9500.00),
('Fire', 24000.00, 12000.00),
('Crash', 15000.00, 7500.00),
('Theft', 20000.00, 10000.00),
('Fire', 25000.00, 12500.00),
('Crash', 16000.00, 8000.00),
('Theft', 21000.00, 10500.00),
('Fire', 26000.00, 13000.00),
('Crash', 17000.00, 8500.00),
('Theft', 22000.00, 11000.00),
('Fire', 27000.00, 13500.00),
('Crash', 18000.00, 9000.00);

-- Insert sample data into CarPolicyAgent
INSERT INTO `CarPolicyAgent` (`PolicyId`, `AgentId`) VALUES
(1, 1),
(2, 2),
(3, 3),
(4, 4),
(5, 5),
(6, 6),
(7, 7),
(8, 8),
(9, 9),
(10, 10),
(11, 11),
(12, 12),
(13, 13),
(14, 14),
(15, 15),
(16, 16),
(17, 17),
(18, 18),
(19, 19),
(20, 20),
(21, 21),
(22, 22),
(23, 23),
(24, 24),
(25, 25);

-- Insert sample data into Client
INSERT INTO `Client` (`Gender`, `FirstName`, `MiddleName`, `LastName`, `NationalIdentificationNumber`, `PhoneNumber`, `PersonalIDAddress`, `CurrentAddress`, `Education`, `Workplace`, `Income`) VALUES
('Male', 'John', 'A', 'Doe', '123456789', '111-222-3333', '123 Main St', '123 Main St', 'Bachelor', 'ABC Corp', '50000'),
('Female', 'Jane', 'B', 'Smith', '234567890', '222-333-4444', '456 Elm St', '456 Elm St', 'Master', 'XYZ Inc', '60000'),
('Other', 'Alice', 'C', 'Johnson', '345678901', '333-444-5555', '789 Oak St', '789 Oak St', 'PhD', 'DEF Ltd', '70000'),
('Male', 'Bob', 'D', 'Brown', '456789012', '444-555-6666', '321 Pine St', '321 Pine St', 'Bachelor', 'GHI Corp', '80000'),
('Female', 'Charlie', 'E', 'Davis', '567890123', '555-666-7777', '654 Maple St', '654 Maple St', 'Master', 'JKL Inc', '90000'),
('Other', 'Eve', 'F', 'White', '678901234', '666-777-8888', '987 Birch St', '987 Birch St', 'PhD', 'MNO Ltd', '100000'),
('Male', 'Frank', 'G', 'Wilson', '789012345', '777-888-9999', '135 Cedar St', '135 Cedar St', 'Bachelor', 'PQR Corp', '110000'),
('Female', 'Grace', 'H', 'Lee', '890123456', '888-999-0000', '246 Walnut St', '246 Walnut St', 'Master', 'STU Inc', '120000'),
('Other', 'Henry', 'I', 'Clark', '901234567', '999-000-1111', '357 Cherry St', '357 Cherry St', 'PhD', 'VWX Ltd', '130000'),
('Male', 'Ivy', 'J', 'Walker', '012345678', '000-111-2222', '468 Willow St', '468 Willow St', 'Bachelor', 'YZA Corp', '140000'),
('Female', 'Jack', 'K', 'Hall', '123456789', '111-222-3333', '579 Spruce St', '579 Spruce St', 'Master', 'BCD Inc', '150000'),
('Other', 'Karen', 'L', 'Young', '234567890', '222-333-4444', '680 Poplar St', '680 Poplar St', 'PhD', 'EFG Ltd', '160000'),
('Male', 'Liam', 'M', 'King', '345678901', '333-444-5555', '791 Fir St', '791 Fir St', 'Bachelor', 'HIJ Corp', '170000'),
('Female', 'Mia', 'N', 'Wright', '456789012', '444-555-6666', '802 Palm St', '802 Palm St', 'Master', 'KLM Inc', '180000'),
('Other', 'Noah', 'O', 'Scott', '567890123', '555-666-7777', '913 Ash St', '913 Ash St', 'PhD', 'NOP Ltd', '190000'),
('Male', 'Olivia', 'P', 'Green', '678901234', '666-777-8888', '024 Beech St', '024 Beech St', 'Bachelor', 'QRS Corp', '200000'),
('Female', 'Pamela', 'Q', 'Baker', '789012345', '777-888-9999', '135 Redwood St', '135 Redwood St', 'Master', 'TUV Inc', '210000'),
('Other', 'Quinn', 'R', 'Adams', '890123456', '888-999-0000', '246 Sequoia St', '246 Sequoia St', 'PhD', 'UVW Ltd', '220000'),
('Male', 'Ryan', 'S', 'Nelson', '901234567', '999-000-1111', '357 Cypress St', '357 Cypress St', 'Bachelor', 'WXY Corp', '230000'),
('Female', 'Sara', 'T', 'Carter', '012345678', '000-111-2222', '468 Hemlock St', '468 Hemlock St', 'Master', 'YZA Inc', '240000'),
('Other', 'Tom', 'U', 'Perez', '123456789', '111-222-3333', '579 Juniper St', '579 Juniper St', 'PhD', 'BCD Ltd', '250000'),
('Male', 'Uma', 'V', 'Roberts', '234567890', '222-333-4444', '680 Magnolia St', '680 Magnolia St', 'Bachelor', 'EFG Corp', '260000'),
('Female', 'Victor', 'W', 'Turner', '345678901', '333-444-5555', '791 Dogwood St', '791 Dogwood St', 'Master', 'HIJ Inc', '270000'),
('Other', 'Wendy', 'X', 'Phillips', '456789012', '444-555-6666', '802 Redbud St', '802 Redbud St', 'PhD', 'KLM Ltd', '280000'),
('Male', 'Xander', 'Y', 'Evans', '567890123', '555-666-7777', '913 Sycamore St', '913 Sycamore St', 'Bachelor', 'NOP Corp', '290000');

//-------------------------------------------------------------
-- Insert sample data into Driver
INSERT INTO `Driver` (`DriversLicenseNumber`, `Gender`, `FirstName`, `MiddleName`, `LastName`, `PlaceOfIssue`, `LicenseIssueDate`) VALUES
('D1234567', 'Male', 'John', 'A', 'Doe', 'New York', '2018-01-01'),
('D2345678', 'Female', 'Jane', 'B', 'Smith', 'Los Angeles', '2019-02-02'),
('D3456789', 'Other', 'Alice', 'C', 'Johnson', 'Chicago', '2020-03-03'),
('D4567890', 'Male', 'Bob', 'D', 'Brown', 'Houston', '2021-04-04'),
('D5678901', 'Female', 'Charlie', 'E', 'Davis', 'Phoenix', '2022-05-05'),
('D6789012', 'Other', 'Eve', 'F', 'White', 'Philadelphia', '2017-06-06'),
('D7890123', 'Male', 'Frank', 'G', 'Wilson', 'San Antonio', '2018-07-07'),
('D8901234', 'Female', 'Grace', 'H', 'Lee', 'San Diego', '2019-08-08'),
('D9012345', 'Other', 'Henry', 'I', 'Clark', 'Dallas', '2020-09-09'),
('D0123456', 'Male', 'Ivy', 'J', 'Walker', 'San Jose', '2021-10-10'),
('D1234567', 'Female', 'Jack', 'K', 'Hall', 'Austin', '2022-11-11'),
('D2345678', 'Other', 'Karen', 'L', 'Young', 'Jacksonville', '2017-12-12'),
('D3456789', 'Male', 'Liam', 'M', 'King', 'Fort Worth', '2018-01-13'),
('D4567890', 'Female', 'Mia', 'N', 'Wright', 'Columbus', '2019-02-14'),
('D5678901', 'Other', 'Noah', 'O', 'Scott', 'Charlotte', '2020-03-15'),
('D6789012', 'Male', 'Olivia', 'P', 'Green', 'San Francisco', '2021-04-16'),
('D7890123', 'Female', 'Pamela', 'Q', 'Baker', 'Indianapolis', '2022-05-17'),
('D8901234', 'Other', 'Quinn', 'R', 'Adams', 'Seattle', '2017-06-18'),
('D9012345', 'Male', 'Ryan', 'S', 'Nelson', 'Denver', '2018-07-19'),
('D0123456', 'Female', 'Sara', 'T', 'Carter', 'Washington', '2019-08-20'),
('D1234567', 'Other', 'Tom', 'U', 'Perez', 'Boston', '2020-09-21'),
('D2345678', 'Male', 'Uma', 'V', 'Roberts', 'El Paso', '2021-10-22'),
('D3456789', 'Female', 'Victor', 'W', 'Turner', 'Detroit', '2022-11-23'),
('D4567890', 'Other', 'Wendy', 'X', 'Phillips', 'Nashville', '2017-12-24'),
('D5678901', 'Male', 'Xander', 'Y', 'Evans', 'Portland', '2018-01-25');

-- Insert sample data into CarPolicyClient
INSERT INTO `CarPolicyClient` (`PolicyId`, `ClientId`, `AutomobileId`, `DriverId`) VALUES
(1, 1, 1, 1),
(2, 2, 2, 2),
(3, 3, 3, 3),
(4, 4, 4, 4),
(5, 5, 5, 5),
(6, 6, 6, 6),
(7, 7, 7, 7),
(8, 8, 8, 8),
(9, 9, 9, 9),
(10, 10, 10, 10),
(11, 11, 11, 11),
(12, 12, 12, 12),
(13, 13, 13, 13),
(14, 14, 14, 14),
(15, 15, 15, 15),
(16, 16, 16, 16),
(17, 17, 17, 17),
(18, 18, 18, 18),
(19, 19, 19, 19),
(20, 20, 20, 20),
(21, 21, 21, 21),
(22, 22, 22, 22),
(23, 23, 23, 23),
(24, 24, 24, 24),
(25, 25, 25, 25);

-- Insert sample data into AgentClient
INSERT INTO `AgentClient` (`AgentId`, `ClientId`) VALUES
(1, 1),
(2, 2),
(3, 3),
(4, 4),
(5, 5),
(6, 6),
(7, 7),
(8, 8),
(9, 9),
(10, 10),
(11, 11),
(12, 12),
(13, 13),
(14, 14),
(15, 15),
(16, 16),
(17, 17),
(18, 18),
(19, 19),
(20, 20),
(21, 21),
(22, 22),
(23, 23),
(24, 24),
(25, 25);

-- Insert sample data into GeneralPractitioner
INSERT INTO `GeneralPractitioner` (`Name`, `Address`, `PhoneNumber`) VALUES
('Dr. Smith', '123 Health St', '111-222-3333'),
('Dr. Johnson', '456 Wellness Ave', '222-333-4444'),
('Dr. Brown', '789 Care Rd', '333-444-5555'),
('Dr. Davis', '321 Medical Blvd', '444-555-6666'),
('Dr. Wilson', '654 Hospital Ln', '555-666-7777'),
('Dr. Lee', '987 Clinic Dr', '666-777-8888'),
('Dr. Clark', '135 Pharmacy St', '777-888-9999'),
('Dr. Walker', '246 Doctor Ave', '888-999-0000'),
('Dr. Hall', '357 Nurse Rd', '999-000-1111'),
('Dr. Young', '468 Surgeon Blvd', '000-111-2222'),
('Dr. King', '579 Physician Ln', '111-222-3333'),
('Dr. Wright', '680 Specialist Dr', '222-333-4444'),
('Dr. Scott', '791 Cardiologist St', '333-444-5555'),
('Dr. Green', '802 Dermatologist Ave', '444-555-6666'),
('Dr. Baker', '913 Neurologist Rd', '555-666-7777'),
('Dr. Adams', '024 Oncologist Blvd', '666-777-8888'),
('Dr. Nelson', '135 Pediatrician Ln', '777-888-9999'),
('Dr. Carter', '246 Radiologist Dr', '888-999-0000'),
('Dr. Perez', '357 Orthopedist St', '999-000-1111'),
('Dr. Roberts', '468 Gynecologist Ave', '000-111-2222'),
('Dr. Turner', '579 Urologist Rd', '111-222-3333'),
('Dr. Phillips', '680 Psychiatrist Blvd', '222-333-4444'),
('Dr. Evans', '791 Dentist Ln', '333-444-5555'),
('Dr. Harris', '802 Optometrist Dr', '444-555-6666'),
('Dr. Martinez', '913 Chiropractor St', '555-666-7777');

-- Insert sample data into LifeAndHealthInsurancePolicy
INSERT INTO `LifeAndHealthInsurancePolicy` (`InsuranceType`, `MaximumCoverageForAccident`, `MaximumCoverageForDeath`, `MedicalCardNumber`, `Smoker`) VALUES
('Life', 50000.00, 100000.00, 'MC123456789', FALSE),
('Health', 30000.00, 50000.00, 'MC234567890', TRUE),
('Life', 60000.00, 120000.00, 'MC345678901', FALSE),
('Health', 35000.00, 55000.00, 'MC456789012', TRUE),
('Life', 70000.00, 140000.00, 'MC567890123', FALSE),
('Health', 40000.00, 60000.00, 'MC678901234', TRUE),
('Life', 80000.00, 160000.00, 'MC789012345', FALSE),
('Health', 45000.00, 65000.00, 'MC890123456', TRUE),
('Life', 90000.00, 180000.00, 'MC901234567', FALSE),
('Health', 50000.00, 70000.00, 'MC012345678', TRUE),
('Life', 100000.00, 200000.00, 'MC123456789', FALSE),
('Health', 55000.00, 75000.00, 'MC234567890', TRUE),
('Life', 110000.00, 220000.00, 'MC345678901', FALSE),
('Health', 60000.00, 80000.00, 'MC456789012', TRUE),
('Life', 120000.00, 240000.00, 'MC567890123', FALSE),
('Health', 65000.00, 85000.00, 'MC678901234', TRUE),
('Life', 130000.00, 260000.00, 'MC789012345', FALSE),
('Health', 70000.00, 90000.00, 'MC890123456', TRUE),
('Life', 140000.00, 280000.00, 'MC901234567', FALSE),
('Health', 75000.00, 95000.00, 'MC012345678', TRUE),
('Life', 150000.00, 300000.00, 'MC123456789', FALSE),
('Health', 80000.00, 100000.00, 'MC234567890', TRUE),
('Life', 160000.00, 320000.00, 'MC345678901', FALSE),
('Health', 85000.00, 105000.00, 'MC456789012', TRUE),
('Life', 170000.00, 340000.00, 'MC567890123', FALSE);

-- Insert sample data for LifeAndHealthInsurancePolicyClient
INSERT INTO LifeAndHealthInsurancePolicyClient (PolicyId, ClientId, ResponsibleForPatient)
VALUES
(1, 1, 201, NULL),
(2, 2, 202, 301),
(3, 3, 203, NULL),
(4, 4, 204, 302),
(5, 5, 205, NULL),
(6, 6, 206, 303),
(7, 7, 207, NULL),
(8, 8, 208, 304),
(9, 9, 209, NULL),
(10, 10, 210, 305),
(11, 11, 211, NULL),
(12, 12, 212, 306),
(13, 13, 213, NULL),
(14, 14, 214, 307),
(15, 15, 215, NULL),
(16, 16, 216, 308),
(17, 17, 217, NULL),
(18, 18, 218, 309),
(19, 19, 219, NULL),
(20, 20, 220, 310),
(21, 21, 221, NULL),
(22, 22, 222, 311),
(23, 23, 223, NULL),
(24, 24, 224, 312),
(25, 25, 225, NULL);

-- Insert sample data for LifeAndHealthInsurancePolicyAgent
INSERT INTO LifeAndHealthInsurancePolicyAgent (PolicyId, AgentId)
VALUES
(1, 401), (2, 402), (3, 403), (4, 404), (5, 405),
(6, 406), (7, 407), (8, 408), (9, 409), (10, 410),
(11, 411), (12, 412), (13, 413), (14, 414), (15, 415),
(16, 416), (17, 417), (18, 418), (19, 419), (20, 420),
(21, 421), (22, 422), (23, 423), (24, 424), (25, 425);

-- Insert sample data for Invoice
INSERT INTO Invoice (PolicyId, PayerName, AmountPaid, PaymentDate)
VALUES
(1, 'John Doe', 500.00, '2024-01-10 10:00:00'),
(2, 'Jane Smith', 750.50, '2024-01-11 11:15:00'),
(3, 'Alice Johnson', 620.75, '2024-01-12 12:30:00'),
(4, 'Bob Brown', 890.00, '2024-01-13 13:45:00'),
(5, 'Charlie White', 1020.25, '2024-01-14 14:00:00'),
(6, 'David Black', 1100.00, '2024-01-15 15:10:00'),
(7, 'Eve Green', 975.50, '2024-01-16 16:20:00'),
(8, 'Frank Harris', 780.00, '2024-01-17 17:30:00'),
(9, 'Grace Miller', 850.00, '2024-01-18 18:40:00'),
(10, 'Henry Lewis', 910.50, '2024-01-19 19:50:00'),
(11, 'Ivy Clark', 1050.75, '2024-01-20 20:00:00'),
(12, 'Jack Hall', 620.00, '2024-01-21 21:10:00'),
(13, 'Kathy Young', 999.99, '2024-01-22 22:20:00'),
(14, 'Leo Walker', 1120.30, '2024-01-23 23:30:00'),
(15, 'Mona King', 500.25, '2024-01-24 00:40:00'),
(16, 'Nathan Scott', 750.75, '2024-01-25 01:50:00'),
(17, 'Olivia Adams', 620.40, '2024-01-26 02:00:00'),
(18, 'Paul Baker', 890.60, '2024-01-27 03:10:00'),
(19, 'Quinn Turner', 1025.90, '2024-01-28 04:20:00'),
(20, 'Rachel Evans', 1105.50, '2024-01-29 05:30:00'),
(21, 'Sam Carter', 970.30, '2024-01-30 06:40:00'),
(22, 'Tina Diaz', 785.80, '2024-01-31 07:50:00'),
(23, 'Ursula Moore', 860.25, '2024-02-01 08:00:00'),
(24, 'Victor Allen', 920.75, '2024-02-02 09:10:00'),
(25, 'Wendy Hill', 1080.90, '2024-02-03 10:20:00');

INSERT INTO Expert (PhoneNumber, Address, City) VALUES
('123-456-7890', '123 Main St', 'New York'),
('234-567-8901', '456 Elm St', 'Los Angeles'),
('345-678-9012', '789 Pine St', 'Chicago'),
('456-789-0123', '101 Maple St', 'Houston'),
('567-890-1234', '202 Oak St', 'Phoenix');

-- Insert sample data into Payment table
INSERT INTO Payment (ClientId, InvoiceId, AmountPaid, PaymentDate, PaymentMethod) VALUES
(1, 101, 250.75, '2024-02-10 14:30:00', 'Credit'),
(2, 102, 100.50, '2024-02-09 10:15:00', 'Cash'),
(3, 103, 500.00, '2024-02-08 16:45:00', 'BankTransfer'),
(4, 104, 75.25, '2024-02-07 09:00:00', 'Credit'),
(5, 105, 300.00, '2024-02-06 11:20:00', 'Cash');

-- Insert sample data into InsuranceClaim table
INSERT INTO InsuranceClaim (PolicyId, PolicyNumber, AmountDeposited, ClaimDate, ValidityMonths, ExpertId) VALUES
(201, 'POL123456', 1000.00, '2024-02-05 12:00:00', 12, 1),
(202, 'POL234567', 1500.50, '2024-02-04 14:45:00', 24, 2),
(203, 'POL345678', 2000.00, '2024-02-03 10:30:00', 36, 3),
(204, 'POL456789', 500.25, '2024-02-02 08:15:00', 18, 4),
(205, 'POL567890', 1250.75, '2024-02-01 17:00:00', 12, 5);